{"cameraMode":{"drawMode":0,"name":"Shaded","section":"Shading Mode"},"sceneLighting":true,"audioPlay":false,"sceneViewState":{"showFog":true,"showMaterialUpdate":false,"showSkybox":true,"showFlares":true,"showImageEffects":true,"showParticleSystems":true},"in2DMode":false,"pivot":{"x":0.9470000267028809,"y":1.2289999723434449,"z":1.593000054359436},"rotation":{"x":-0.17730948328971864,"y":0.1925964504480362,"z":-0.035405926406383517,"w":-0.9644762277603149},"size":16.55470848083496,"orthographic":false}