{"cameraMode":{"drawMode":0,"name":"Shaded","section":"Shading Mode"},"sceneLighting":false,"audioPlay":false,"sceneViewState":{"showFog":true,"showMaterialUpdate":false,"showSkybox":false,"showFlares":true,"showImageEffects":true,"showParticleSystems":true},"in2DMode":false,"pivot":{"x":-2.2351741790771486e-8,"y":0.11142535507678986,"z":0.8038374781608582},"rotation":{"x":-0.17853152751922608,"y":0.4971660375595093,"z":-0.10534930229187012,"w":-0.8425325155258179},"size":2.7905185222625734,"orthographic":false}