{"cameraMode":{"drawMode":0,"name":"Shaded","section":"Shading Mode"},"sceneLighting":false,"audioPlay":false,"sceneViewState":{"showFog":true,"showMaterialUpdate":false,"showSkybox":false,"showFlares":true,"showImageEffects":true,"showParticleSystems":true},"in2DMode":false,"pivot":{"x":6.339847564697266,"y":11.002717971801758,"z":16.87017822265625},"rotation":{"x":0.1237005889415741,"y":-0.8265498876571655,"z":0.19991661608219148,"w":0.511444628238678},"size":9.696961402893067,"orthographic":false}