{"cameraMode":{"drawMode":0,"name":"Shaded","section":"Shading Mode"},"sceneLighting":false,"audioPlay":false,"sceneViewState":{"showFog":true,"showMaterialUpdate":false,"showSkybox":false,"showFlares":true,"showImageEffects":true,"showParticleSystems":true},"in2DMode":false,"pivot":{"x":19.543298721313478,"y":3.3529953956604006,"z":11.58517074584961},"rotation":{"x":0.16043135523796082,"y":0.33324700593948367,"z":-0.05765318498015404,"w":0.9273133277893066},"size":12.732085227966309,"orthographic":false}