{"cameraMode":{"drawMode":0,"name":"Shaded","section":"Shading Mode"},"sceneLighting":false,"audioPlay":false,"sceneViewState":{"showFog":true,"showMaterialUpdate":false,"showSkybox":false,"showFlares":true,"showImageEffects":true,"showParticleSystems":true},"in2DMode":false,"pivot":{"x":16.129657745361329,"y":11.081748008728028,"z":17.797178268432618},"rotation":{"x":0.1237005889415741,"y":-0.8265498876571655,"z":0.19991661608219148,"w":0.511444628238678},"size":16.320459365844728,"orthographic":false}