{"cameraMode":{"drawMode":0,"name":"Shaded","section":"Shading Mode"},"sceneLighting":false,"audioPlay":false,"sceneViewState":{"showFog":true,"showMaterialUpdate":false,"showSkybox":false,"showFlares":true,"showImageEffects":true,"showParticleSystems":true},"in2DMode":false,"pivot":{"x":8.749847412109375,"y":11.003901481628418,"z":17.220176696777345},"rotation":{"x":0.1237005889415741,"y":-0.8265498876571655,"z":0.19991661608219148,"w":0.511444628238678},"size":9.692790985107422,"orthographic":false}