{"cameraMode":{"drawMode":0,"name":"Shaded","section":"Shading Mode"},"sceneLighting":false,"audioPlay":false,"sceneViewState":{"showFog":true,"showMaterialUpdate":false,"showSkybox":false,"showFlares":true,"showImageEffects":true,"showParticleSystems":true},"in2DMode":false,"pivot":{"x":0.0,"y":15.135612487792969,"z":20.700000762939454},"rotation":{"x":0.22422067821025849,"y":0.48775726556777956,"z":-0.13122102618217469,"w":0.8334305882453919},"size":189.24998474121095,"orthographic":false}