{"cameraMode":{"drawMode":0,"name":"Shaded","section":"Shading Mode"},"sceneLighting":false,"audioPlay":false,"sceneViewState":{"showFog":true,"showMaterialUpdate":false,"showSkybox":false,"showFlares":true,"showImageEffects":true,"showParticleSystems":true},"in2DMode":false,"pivot":{"x":10.689849853515625,"y":10.982712745666504,"z":25.182334899902345},"rotation":{"x":0.1237005889415741,"y":-0.8265498876571655,"z":0.19991661608219148,"w":0.511444628238678},"size":12.00768756866455,"orthographic":false}